ID,Name,Role,Transcript,Resume,decision,Reason_for_decision,Job_Description
patrmc729,Patrick Mcclain,Human Resources Specialist,"Interview Setting: A conference room in a medium-sized office building. The Interviewer, a middle-aged woman with a friendly demeanor, is seated across from Patrick McClain, a mid-30s man with a warm smile.

Interviewer: Good morning, Patrick. Thank you for coming in today. Can I get you a cup of coffee or water?

Patrick McClain: Good morning. Uh, no, thank you. I'm good.

Interviewer: Great. Let's get started. Can you start by telling me a little bit about your background and why you're interested in the Human Resources Specialist role here?

Patrick McClain: Absolutely. I have about 5 years of experience in HR, most recently as an HR Generalist for a non-profit organization. I've worked on everything from recruitment and benefits administration to training and employee relations. I'm excited about this role because it seems like a great opportunity to grow and develop my skills, particularly in training and development, which I'm really passionate about.

Interviewer: That's great. Can you walk me through your experience with training and development programs? How do you design and implement them?

Patrick McClain: Well, um... In my previous role, I helped develop and implement a comprehensive onboarding program for new employees. I worked closely with our training department to create a curriculum that covered everything from company policies to job-specific skills. I also facilitated training sessions and worked with managers to ensure seamless implementation. One of the things I'm proud of is that we were able to reduce our new hire turnover rate by 30% within the first 6 months of implementing the program.

Interviewer: Wow, that's impressive. Can you tell me about a time when you had to handle a difficult employee relations issue? How did you resolve it?

Patrick McClain: Uh, yes... One situation that comes to mind is when an employee was experiencing a lot of stress and was having trouble meeting their performance goals. They were feeling overwhelmed and frustrated, and it was affecting their work and relationships with colleagues. I worked with them to identify the root causes of the issue and developed a personalized action plan to help them manage their workload and improve their performance. I also made sure to check in with them regularly to see how they were doing and made adjustments to the plan as needed. Ultimately, we were able to resolve the issue and the employee went on to become a top performer in their department.

Interviewer: That's great problem-solving. Can you tell me about a time when you had to communicate sensitive or difficult information to employees, such as a layoff or restructuring?

Patrick McClain: Uh, yes... When I was at my previous organization, we had to eliminate a few positions due to budget constraints. I was part of the team that developed the communication plan, and I actually delivered the news to the impacted employees. It was a difficult conversation, but I made sure to be transparent, empathetic, and respectful. I also made sure to provide clear information about the next steps and support that would be available to them. After the fact, I received feedback from HR colleagues and managers that I handled the situation professionally and with compassion.

Interviewer: Thank you for sharing that example. Finally, can you tell me about your long-term career aspirations and how this role fits into your overall goals?

Patrick McClain: Absolutely. I'm excited about the opportunity to grow and develop my skills in training and development, and I see this role as a key stepping stone in my career. In the long term, I'd love to move into a leadership role, perhaps as an HR Manager or even a Director of Organizational Development. I believe that this role will give me the experience and expertise I need to achieve those goals.

Interviewer: Well, Patrick, thank you for taking the time to speak with me today. Do you have any questions for me?

Patrick McClain: Yes, actually. Can you tell me more about the team I'd be working with and the day-to-day responsibilities of the role?

Interviewer: Absolutely. You'd be working closely with our HR Business Partners and Training department to develop and implement training programs, as well as providing support to managers and employees on employee relations issues. I think you'd really thrive in this role.

Interviewer: Thank you again, Patrick. We'll be in touch soon to let you know the next steps.

Patrick McClain: Thank you. It was great speaking with you.","Here's a professional resume for Patrick Mcclain:

Patrick Mcclain
Human Resources Specialist

Contact Information:

* Phone: (555) 123-4567
* Email: [patrick.mcclain@email.com](mailto:patrick.mcclain@email.com)
* LinkedIn: linkedin.com/in/patrickmcclainhr

Professional Summary:
Results-driven Human Resources Specialist with 5+ years of experience in recruitment, talent acquisition, and HR software implementation. Proven track record of successfully onboarding new employees, resolving conflicts, and improving employee engagement. Skilled in HRIS systems, recruitment marketing, and employee relations. Seeking a challenging role as a Human Resources Specialist where I can leverage my expertise to drive business growth and enhance the employee experience.

Work Experience:

Human Resources Generalist, XYZ Corporation (2018-Present)

* Recruit, interview, and hire top talent to support business growth and expansion
* Implemented and managed HRIS system, resulting in a 30% reduction in recruitment time and a 25% increase in applicant quality
* Designed and delivered comprehensive onboarding programs for new hires, resulting in a 95% retention rate
* Resolved employee conflicts and concerns, improving employee satisfaction and reducing turnover
* Collaborated with management to develop and implement employee recognition and reward programs

Recruitment Coordinator, ABC Agency (2015-2018)

* Coordinated recruitment efforts, including job postings, candidate screenings, and interview scheduling
* Developed and maintained relationships with external recruitment agencies and job boards
* Implemented recruitment software to streamline the hiring process and improve candidate engagement
* Conducted new hire orientations and provided onboarding support to ensure a smooth transition into the company

Education:

* Bachelor's Degree in Human Resources, [University Name] (2015)

Skills:

* HRIS systems (Workday, BambooHR, etc.)
* Recruitment marketing and branding
* Onboarding and employee engagement
* Conflict resolution and employee relations
* Talent acquisition and recruitment
* Employee data analysis and reporting

Achievements:

* Successfully implemented an HRIS system, resulting in a 30% reduction in recruitment time and a 25% increase in applicant quality
* Developed and delivered a comprehensive onboarding program, resulting in a 95% retention rate
* Improved employee satisfaction and reduced turnover by resolving employee conflicts and concerns
* Collaborated with management to develop and implement employee recognition and reward programs, resulting in a 20% increase in employee engagement

Certifications:

* SHRM-CP (Society for Human Resource Management Certified Professional)
* HRCI-CP (HR Certification Institute Certified Professional)

References:
Available upon request.

Note: This is just a sample resume, and you should customize it to fit your specific experience and the job you're applying for. Also, make sure to proofread your resume multiple times for any grammar or formatting errors.",reject,Insufficient system design expertise for senior role.,We need a Human Resources Specialist to enhance our team's technical capabilities and contribute to solving complex business challenges.
